 -- Revan's Bosses and Quest NPC
Delete from `creature` where `id`=68685;
insert into `creature` (`guid`, `id`, `map`, `spawnMask`, `phaseMask`, `modelid`, `equipment_id`, `position_x`, `position_y`, `position_z`, `orientation`, `spawntimesecs`, `spawndist`, `currentwaypoint`, `curhealth`, `curmana`, `MovementType`, `npcflag`, `unit_flags`, `dynamicflags`) values('961652','68685','571','1','1','0','1669','5772.36','516.741','652.681','3.00654','300','0','0','8508','7981','0','0','0','0');
-- bosses
Delete from `creature` where `id` IN(8000010,8000011,8000012,8000013);
insert into `creature` (`guid`, `id`, `map`, `spawnMask`, `phaseMask`, `modelid`, `equipment_id`, `position_x`, `position_y`, `position_z`, `orientation`, `spawntimesecs`, `spawndist`, `currentwaypoint`, `curhealth`, `curmana`, `MovementType`, `npcflag`, `unit_flags`, `dynamicflags`) values('961659','8000010','0','1','1','0','0','-11226.5','-1398.44','-13.7586','4.70296','300','0','0','5808000','0','0','0','0','0');
insert into `creature` (`guid`, `id`, `map`, `spawnMask`, `phaseMask`, `modelid`, `equipment_id`, `position_x`, `position_y`, `position_z`, `orientation`, `spawntimesecs`, `spawndist`, `currentwaypoint`, `curhealth`, `curmana`, `MovementType`, `npcflag`, `unit_flags`, `dynamicflags`) values('961660','8000011','0','1','1','0','0','-11214.8','-1398.55','-12.1752','4.70296','300','0','0','4646000','2129000','0','0','0','0');
insert into `creature` (`guid`, `id`, `map`, `spawnMask`, `phaseMask`, `modelid`, `equipment_id`, `position_x`, `position_y`, `position_z`, `orientation`, `spawntimesecs`, `spawndist`, `currentwaypoint`, `curhealth`, `curmana`, `MovementType`, `npcflag`, `unit_flags`, `dynamicflags`) values('961658','8000012','0','1','1','0','0','-11214','-1815.81','-28.4763','1.61556','300','0','0','5808000','0','0','0','0','0');
insert into `creature` (`guid`, `id`, `map`, `spawnMask`, `phaseMask`, `modelid`, `equipment_id`, `position_x`, `position_y`, `position_z`, `orientation`, `spawntimesecs`, `spawndist`, `currentwaypoint`, `curhealth`, `curmana`, `MovementType`, `npcflag`, `unit_flags`, `dynamicflags`) values('961661','8000013','0','1','1','0','0','-11102.4','-1740.88','41.4556','2.06009','300','0','0','4090000','18656000','0','0','0','0');


Delete From `creature_template` Where `entry` IN(68685,8000010,8000011,8000012,8000013);
 insert into `creature_template` values('68685','0','0','0','0','0','28196','0','0','0','Mervin','Great Hex Stopper','','0','75','75','2','35','35','2','1','1.14286','1.5','3','339','481','0','370','1','2000','0','8','33536','2048','0','0','0','0','0','0','293','436','53','7','0','0','0','0','0','0','0','0','0','0','0','0','0','0','0','0','0','0','0','0','0','0','','0','3','1','1','1','1','0','0','0','0','0','0','0','0','1','1669','0','2','','12340');
insert into `creature_template` values('8000010','0','0','0','0','0','28227','0','0','0','Redsonja The Corrupted',NULL,NULL,'0','83','83','0','2043','2043','0','1','1.14286','2.5','3','700','900','0','1','10','750','1000','1','0','0','0','0','0','0','0','0','300','500','1','7','4','0','0','0','0','0','0','0','0','0','0','0','0','0','0','0','0','0','0','0','1000','2000','','0','3','1','1000','1','1','0','0','0','0','0','0','0','0','1','0','2145370111','0','','1');
insert into `creature_template` values('8000011','0','0','0','0','0','24976','0','0','0','Mathaias The Corrupted',NULL,NULL,'0','83','83','0','2043','2043','0','1','1.14286','3','3','700','900','0','1','10','750','1000','2','0','0','0','0','0','0','0','0','300','500','1','7','4','0','0','0','0','0','0','0','0','0','0','0','0','0','0','0','0','0','0','0','1000','2000','','0','3','1','1000','500','1','0','0','0','0','0','0','0','0','1','0','2145370111','0','','1');
insert into `creature_template` values('8000012','0','0','0','0','0','21174','0','0','0','Posiedon The Corrupted',NULL,NULL,'0','83','83','0','2043','2043','0','1','1.14286','0.50','3','700','900','0','1','10','750','1000','1','0','0','0','0','0','0','0','0','300','500','1','7','4','0','0','0','0','0','0','0','0','0','0','0','0','0','0','0','0','0','0','0','1000','2000','','0','3','1','1000','1','1','0','0','0','0','0','0','0','0','1','0','2145370111','0','','1');
insert into `creature_template` values('8000013','0','0','0','0','0','20023','0','0','0','Revan The Corruptor',NULL,NULL,'0','83','83','0','2043','2043','0','1','1.14286','1.75','3','700','900','0','1','10','750','1000','8','0','0','0','0','0','0','0','0','300','500','1','7','4','0','0','0','0','0','0','0','0','0','0','0','0','0','0','0','0','0','0','0','1000','2000','','0','3','1','1000','2000','1','0','0','0','0','0','0','0','0','1','0','2145370111','0','','1');

-- COming Apocalypse Quest 
delete from `quest_template` where `id`= 68684; 
insert into `quest_template`  values('68684','2','80','80','80','0','0','5','0','0','0','0','0','0','0','0','0','0','0','0','0','0','0','0','0','0','0','0','0','0','0','1','0','0','0','0','0','12296','0','0','0','0','0','49426','22376','0','0','5','5','0','0','0','0','0','0','0','0','0','0','0','0','0','0','0','0','0','0','0','0','0','0','0','0','0','0','0','0','0','0','0','0','0','Stopping the coming Apocalypse','Key Fragment of Death\r\nKey Fragment of Pestilence\r\nKey Fragment of Famine\r\nKey Fragment of War','You have great timing $N. A great Apocalypse is coming and it must be stopped. I need 4 Key Fragments of Apocalypse, if we are to destroy this evil before it is to late. You must Hurry! Seek out the Old ruins in Tanaris.','Don\'t give up hope!','Congrats you truely are the hero!','Key Fragment of Death\r\nKey Fragment of Pestilence\r\nKey Fragment of Famine\r\nKey Fragment of War','There is hope after all!','0','0','0','0','0','0','0','0','0','0','0','0','0','0','0','0','68687','68688','68689','68686','0','0','1','1','1','1','0','0','0','0','0','0','0','Key Fragment of Death, Pestilence, Famine, and War',NULL,NULL,NULL,'0','0','0','0','0','0','0','0','0','0','0','0','0','0','0','0','0','0','1');

-- creature relation
Delete from `creature_questrelation` Where `id`=68685;
insert into `creature_questrelation` (`id`, `quest`) values('68685','68684');
Delete from `creature_involvedrelation` Where `id`=65685;
insert into `creature_involvedrelation` (`id`, `quest`) values('68685','68684');

-- Item Template
Delete From `item_template` Where `entry` IN(68686,68688,68687,68689);
insert into `item_template` values('68686','12','0','-1','Key Fragment of Death','6614','5','2049','0','1','0','0','0','-1','-1','80','0','0','0','0','0','0','0','0','1','1','0','0','0','0','0','0','0','0','0','0','0','0','0','0','0','0','0','0','0','0','0','0','0','0','0','0','0','0','0','0','0','0','0','0','0','0','0','0','0','0','0','0','0','0','-1','0','-1','0','0','0','0','-1','0','-1','0','0','0','0','-1','0','-1','0','0','0','0','-1','0','-1','0','0','0','0','-1','0','-1','4','There is a eerie blue glow...','0','0','0','0','0','4','0','0','0','0','0','0','0','0','0','0','0','0','0','0','0','0','0','0','-1','0','0','0','0','','0','0','0','0','0','12340');
insert into `item_template` values('68688','12','0','-1','Key Fragment of Famine','20978','5','2049','0','1','0','0','0','-1','-1','80','0','0','0','0','0','0','0','0','1','1','0','0','0','0','0','0','0','0','0','0','0','0','0','0','0','0','0','0','0','0','0','0','0','0','0','0','0','0','0','0','0','0','0','0','0','0','0','0','0','0','0','0','0','0','-1','0','-1','0','0','0','0','-1','0','-1','0','0','0','0','-1','0','-1','0','0','0','0','-1','0','-1','0','0','0','0','-1','0','-1','4','There is a disturbing yellow hue...','0','0','0','0','0','4','0','0','0','0','0','0','0','0','0','0','0','0','0','0','0','0','0','0','-1','0','0','0','0','','0','0','0','0','0','12340');
insert into `item_template` values('68687','12','0','-1','Key Fragment of Pestilence','7393','5','2049','0','1','0','0','0','-1','-1','80','0','0','0','0','0','0','0','0','1','1','0','0','0','0','0','0','0','0','0','0','0','0','0','0','0','0','0','0','0','0','0','0','0','0','0','0','0','0','0','0','0','0','0','0','0','0','0','0','0','0','0','0','0','0','-1','0','-1','0','0','0','0','-1','0','-1','0','0','0','0','-1','0','-1','0','0','0','0','-1','0','-1','0','0','0','0','-1','0','-1','4','There is a horrific green smell...','0','0','0','0','0','4','0','0','0','0','0','0','0','0','0','0','0','0','0','0','0','0','0','0','-1','0','0','0','0','','0','0','0','0','0','12340');
insert into `item_template` values('68689','12','0','-1','Key Fragment of War','20977','5','2049','0','1','0','0','0','-1','-1','80','0','0','0','0','0','0','0','0','1','1','0','0','0','0','0','0','0','0','0','0','0','0','0','0','0','0','0','0','0','0','0','0','0','0','0','0','0','0','0','0','0','0','0','0','0','0','0','0','0','0','0','0','0','0','-1','0','-1','0','0','0','0','-1','0','-1','0','0','0','0','-1','0','-1','0','0','0','0','-1','0','-1','0','0','0','0','-1','0','-1','4','There is a flow of red blood...','0','0','0','0','0','4','0','0','0','0','0','0','0','0','0','0','0','0','0','0','0','0','0','0','-1','0','0','0','0','','0','0','0','0','0','12340');

-- coming apocalypse Loot Table
Delete from `creature_loot_template` Where `entry`IN(8000010,8000011,8000012,8000013);
insert into `creature_loot_template` values('8000010','68686','-100','1','0','1','1');
insert into `creature_loot_template` values('8000011','68688','-100','1','0','1','1');
insert into `creature_loot_template` values('8000012','68687','-100','1','0','1','1');
insert into `creature_loot_template` values('8000013','68689','-100','1','0','1','1');

-- dalaran portal with new gps for crypts
Delete from `gameobject_template` where `entry`=500050;
insert into `gameobject_template` values('500050','22','8070','Portal to Doom Dungeon','','Using','','0','32','3','0','0','0','0','0','0','54620','0','0','0','0','0','0','0','0','0','0','0','0','0','0','0','0','0','0','0','0','0','0','0','','','1');
Delete from `spell_target_position` where `id`=71512;
insert into `spell_target_position` values('71512','0','-11068','-1811','53','1.98884');
